{
	"credit": "Made by Ensis",
	"parent": "block/block",
	"textures": {
		"particle": "#block"
	},
	"elements": [
		{
			"from": [0, 0, 0],
			"to": [16, 16, 16],
			"rotation": {"angle": 0, "axis": "x", "origin": [8, 8, 8]},
			"faces": {
				"north": {"uv": [0, 0, 16, 16], "rotation": 180, "texture": "#block", "cullface": "north"},
				"east": {"uv": [0, 0, 16, 16], "rotation": 180, "texture": "#block", "cullface": "east"},
				"south": {"uv": [0, 0, 16, 16], "rotation": 180, "texture": "#block", "cullface": "south"},
				"west": {"uv": [0, 0, 16, 16], "rotation": 180, "texture": "#block", "cullface": "west"},
				"up": {"uv": [0, 0, 16, 16], "rotation": 180, "texture": "#block", "cullface": "up"},
				"down": {"uv": [0, 0, 16, 16], "rotation": 180, "texture": "#block", "cullface": "down"}
			}
		},
		{
			"from": [0, 16.1, 0],
			"to": [16, 16.1, 16],
			"faces": {
				"up": {"uv": [16, 16, 0, 0], "texture": "#floating_block", "cullface": "down"}
			}
		}
	]
}
Made by Ensis