{
    "parent": "minecraft:item/generated",
    "textures": {
      "layer0": "minecraft:item/barrier"
    },

    "overrides": [
   {"predicate": {"custom_model_data":1}, "model": "item/backpack_default"},
   {"predicate": {"custom_model_data":2}, "model": "item/backpack_white"},
   {"predicate": {"custom_model_data":3}, "model": "item/backpack_black"},
   {"predicate": {"custom_model_data":4}, "model": "item/backpack_red"},
   {"predicate": {"custom_model_data":5}, "model": "item/backpack_yellow"},
   {"predicate": {"custom_model_data":6}, "model": "item/backpack_lime"},
   {"predicate": {"custom_model_data":7}, "model": "item/backpack_green"},
   {"predicate": {"custom_model_data":8}, "model": "item/backpack_lightblue"},
   {"predicate": {"custom_model_data":9}, "model": "item/backpack_cyan"},
   {"predicate": {"custom_model_data":10}, "model": "item/backpack_blue"},
   {"predicate": {"custom_model_data":11}, "model": "item/backpack_purple"},
   {"predicate": {"custom_model_data":12}, "model": "item/backpack_magenta"},
   {"predicate": {"custom_model_data":13}, "model": "item/backpack_pink"}
    ]
}