{
	"credit": "",
	"ambientocclusion": false,
	"textures": {
		"0": "block/gravestone/coarse_dirt",
		"1": "block/gravestone/cobblestone",
		"2": "block/gravestone/skeleton",
		"particle": "block/gravestone/coarse_dirt"
	},
	"elements": [
		{
			"from": [4, 2, 4],
			"to": [12, 10, 12],
			"rotation": {"angle": -22.5, "axis": "x", "origin": [8, 5, 9]},
			"faces": {
				"east": {"uv": [4, 4, 6, 8], "texture": "#2"},
				"south": {"uv": [2, 4, 4, 8], "texture": "#2"},
				"west": {"uv": [0, 4, 2, 8], "texture": "#2"},
				"up": {"uv": [2, 0, 4, 4], "texture": "#2"},
				"down": {"uv": [4, 0, 6, 4], "texture": "#2"}
			}
		},
		{
			"from": [3, 0, 2],
			"to": [13, 11, 6],
			"faces": {
				"north": {"uv": [3, 5, 13, 16], "texture": "#1"},
				"east": {"uv": [0, 0, 4, 11], "texture": "#1"},
				"south": {"uv": [3, 5, 13, 16], "texture": "#1"},
				"west": {"uv": [0, 0, 4, 11], "texture": "#1"},
				"up": {"uv": [0, 0, 10, 4], "texture": "#1"}
			}
		},
		{
			"from": [4, 11, 2],
			"to": [12, 13, 6],
			"faces": {
				"north": {"uv": [0, 0, 8, 2], "texture": "#1"},
				"east": {"uv": [0, 0, 4, 2], "texture": "#1"},
				"south": {"uv": [0, 0, 8, 2], "texture": "#1"},
				"west": {"uv": [0, 0, 4, 2], "texture": "#1"},
				"up": {"uv": [0, 0, 8, 4], "texture": "#1"}
			}
		},
		{
			"from": [3, 0, 2],
			"to": [13, 0, 4],
			"faces": {
				"down": {"uv": [0, 0, 10, 2], "texture": "#1"}
			}
		},
		{
			"from": [3, 0, 4],
			"to": [13, 1, 13],
			"faces": {
				"north": {"uv": [0, 0, 10, 1], "texture": "#0"},
				"east": {"uv": [0, 0, 9, 1], "texture": "#0"},
				"south": {"uv": [0, 0, 10, 1], "texture": "#0"},
				"west": {"uv": [0, 0, 9, 1], "texture": "#0"},
				"up": {"uv": [0, 0, 10, 9], "texture": "#0"},
				"down": {"uv": [0, 0, 10, 9], "texture": "#0"}
			}
		},
		{
			"from": [4, 0, 13],
			"to": [12, 1, 14],
			"faces": {
				"east": {"uv": [0, 0, 1, 1], "texture": "#0"},
				"south": {"uv": [0, 0, 8, 1], "texture": "#0"},
				"west": {"uv": [0, 0, 1, 1], "texture": "#0"},
				"up": {"uv": [0, 0, 8, 1], "texture": "#0"},
				"down": {"uv": [0, 0, 8, 1], "texture": "#0"}
			}
		},
		{
			"from": [2, 0, 4],
			"to": [3, 1, 12],
			"faces": {
				"north": {"uv": [0, 0, 1, 1], "texture": "#0"},
				"south": {"uv": [0, 0, 1, 1], "texture": "#0"},
				"west": {"uv": [0, 0, 8, 1], "texture": "#0"},
				"up": {"uv": [0, 0, 1, 8], "texture": "#0"},
				"down": {"uv": [0, 0, 1, 8], "texture": "#0"}
			}
		},
		{
			"from": [13, 0, 4],
			"to": [14, 1, 12],
			"faces": {
				"north": {"uv": [0, 0, 1, 1], "texture": "#0"},
				"east": {"uv": [0, 0, 8, 1], "texture": "#0"},
				"south": {"uv": [0, 0, 1, 1], "texture": "#0"},
				"up": {"uv": [0, 0, 1, 8], "texture": "#0"},
				"down": {"uv": [0, 0, 1, 8], "texture": "#0"}
			}
		},
		{
			"from": [6, 1, 12],
			"to": [10, 2, 13],
			"faces": {
				"east": {"uv": [0, 0, 1, 1], "texture": "#0"},
				"south": {"uv": [0, 0, 4, 1], "texture": "#0"},
				"west": {"uv": [0, 0, 1, 1], "texture": "#0"},
				"up": {"uv": [0, 0, 4, 1], "texture": "#0"}
			}
		},
		{
			"from": [4, 1, 6],
			"to": [12, 2, 12],
			"faces": {
				"east": {"uv": [0, 0, 6, 1], "texture": "#0"},
				"south": {"uv": [0, 0, 8, 1], "texture": "#0"},
				"west": {"uv": [0, 0, 6, 1], "texture": "#0"},
				"up": {"uv": [0, 0, 8, 6], "texture": "#0"}
			}
		},
		{
			"from": [3, 1, 6],
			"to": [4, 2, 10],
			"faces": {
				"south": {"uv": [0, 0, 1, 1], "texture": "#0"},
				"west": {"uv": [0, 0, 4, 1], "texture": "#0"},
				"up": {"uv": [0, 0, 1, 4], "texture": "#0"}
			}
		},
		{
			"from": [12, 1, 6],
			"to": [13, 2, 10],
			"faces": {
				"east": {"uv": [0, 0, 4, 1], "texture": "#0"},
				"south": {"uv": [0, 0, 1, 1], "texture": "#0"},
				"up": {"uv": [0, 0, 1, 4], "texture": "#0"}
			}
		}
	],
	"display": {
		"head": {
			"translation": [0, 5.5, 0],
			"scale": [1.5, 1.5, 1.5]
		}
	},
	"groups": [
		{
			"name": "skull",
			"origin": [8, 8, 8],
			"color": 0,
			"children": [0]
		},
		{
			"name": "grave",
			"origin": [0, 0, 0],
			"color": 0,
			"children": [1, 2, 3]
		},
		{
			"name": "ground",
			"origin": [8, 8, 8],
			"color": 0,
			"children": [
				{
					"name": "layer_0",
					"origin": [8, 8, 8],
					"color": 0,
					"children": [4, 5, 6, 7]
				},
				{
					"name": "layer_1",
					"origin": [0, 0, 0],
					"color": 0,
					"children": [8, 9, 10, 11]
				}
			]
		}
	]
}