{
	"parent": "minecraft:item/generated",
	"textures": {
		"layer0": "minecraft:item/disc_fragment_5"
	},
	"overrides": [
		{
			"predicate": {
				"custom_model_data": 1350001
			},
			"model": "watching:item/herobrine/default/head"
		},
		{
			"predicate": {
				"custom_model_data": 1350002
			},
			"model": "watching:item/herobrine/default/eyes"
		},
		{
			"predicate": {
				"custom_model_data": 1350003
			},
			"model": "watching:item/herobrine/default/body"
		},
		{
			"predicate": {
				"custom_model_data": 1350004
			},
			"model": "watching:item/herobrine/default/left_arm"
		},
		{
			"predicate": {
				"custom_model_data": 1350005
			},
			"model": "watching:item/herobrine/default/right_arm"
		},
		{
			"predicate": {
				"custom_model_data": 1350006
			},
			"model": "watching:item/herobrine/default/left_leg"
		},
		{
			"predicate": {
				"custom_model_data": 1350007
			},
			"model": "watching:item/herobrine/default/right_leg"
		},

		{
			"predicate": {
				"custom_model_data": 1350008
			},
			"model": "watching:item/herobrine/classic/head"
		},
		{
			"predicate": {
				"custom_model_data": 1350009
			},
			"model": "watching:item/herobrine/classic/eyes"
		},
		{
			"predicate": {
				"custom_model_data": 1350010
			},
			"model": "watching:item/herobrine/classic/body"
		},
		{
			"predicate": {
				"custom_model_data": 1350011
			},
			"model": "watching:item/herobrine/classic/left_arm"
		},
		{
			"predicate": {
				"custom_model_data": 1350012
			},
			"model": "watching:item/herobrine/classic/right_arm"
		},
		{
			"predicate": {
				"custom_model_data": 1350013
			},
			"model": "watching:item/herobrine/classic/left_leg"
		},
		{
			"predicate": {
				"custom_model_data": 1350014
			},
			"model": "watching:item/herobrine/classic/right_leg"
		},

		{
			"predicate": {
				"custom_model_data": 1350015
			},
			"model": "watching:item/herobrine/black_eyed/head"
		},
		{
			"predicate": {
				"custom_model_data": 1350016
			},
			"model": "watching:item/herobrine/black_eyed/eyes"
		},
		{
			"predicate": {
				"custom_model_data": 1350017
			},
			"model": "watching:item/herobrine/black_eyed/body"
		},
		{
			"predicate": {
				"custom_model_data": 1350018
			},
			"model": "watching:item/herobrine/black_eyed/left_arm"
		},
		{
			"predicate": {
				"custom_model_data": 1350019
			},
			"model": "watching:item/herobrine/black_eyed/right_arm"
		},
		{
			"predicate": {
				"custom_model_data": 1350020
			},
			"model": "watching:item/herobrine/black_eyed/left_leg"
		},
		{
			"predicate": {
				"custom_model_data": 1350021
			},
			"model": "watching:item/herobrine/black_eyed/right_leg"
		},

		{
			"predicate": {
				"custom_model_data": 1350022
			},
			"model": "watching:item/herobrine/entity_303/head"
		},
		{
			"predicate": {
				"custom_model_data": 1350023
			},
			"model": "watching:item/herobrine/entity_303/eyes"
		},
		{
			"predicate": {
				"custom_model_data": 1350024
			},
			"model": "watching:item/herobrine/entity_303/body"
		},
		{
			"predicate": {
				"custom_model_data": 1350025
			},
			"model": "watching:item/herobrine/entity_303/left_arm"
		},
		{
			"predicate": {
				"custom_model_data": 1350026
			},
			"model": "watching:item/herobrine/entity_303/right_arm"
		},
		{
			"predicate": {
				"custom_model_data": 1350027
			},
			"model": "watching:item/herobrine/entity_303/left_leg"
		},
		{
			"predicate": {
				"custom_model_data": 1350028
			},
			"model": "watching:item/herobrine/entity_303/right_leg"
		},

		{
			"predicate": {
				"custom_model_data": 1350029
			},
			"model": "watching:item/herobrine/glitch/head"
		},
		{
			"predicate": {
				"custom_model_data": 1350030
			},
			"model": "watching:item/herobrine/glitch/eyes"
		},
		{
			"predicate": {
				"custom_model_data": 1350031
			},
			"model": "watching:item/herobrine/glitch/body"
		},
		{
			"predicate": {
				"custom_model_data": 1350032
			},
			"model": "watching:item/herobrine/glitch/left_arm"
		},
		{
			"predicate": {
				"custom_model_data": 1350033
			},
			"model": "watching:item/herobrine/glitch/right_arm"
		},
		{
			"predicate": {
				"custom_model_data": 1350034
			},
			"model": "watching:item/herobrine/glitch/left_leg"
		},
		{
			"predicate": {
				"custom_model_data": 1350035
			},
			"model": "watching:item/herobrine/glitch/right_leg"
		},

		{
			"predicate": {
				"custom_model_data": 1350036
			},
			"model": "watching:item/herobrine/null/head"
		},
		{
			"predicate": {
				"custom_model_data": 1350037
			},
			"model": "watching:item/herobrine/null/eyes"
		},
		{
			"predicate": {
				"custom_model_data": 1350038
			},
			"model": "watching:item/herobrine/null/body"
		},
		{
			"predicate": {
				"custom_model_data": 1350039
			},
			"model": "watching:item/herobrine/null/left_arm"
		},
		{
			"predicate": {
				"custom_model_data": 1350040
			},
			"model": "watching:item/herobrine/null/right_arm"
		},
		{
			"predicate": {
				"custom_model_data": 1350041
			},
			"model": "watching:item/herobrine/null/left_leg"
		},
		{
			"predicate": {
				"custom_model_data": 1350042
			},
			"model": "watching:item/herobrine/null/right_leg"
		},

		{
			"predicate": {
				"custom_model_data": 1350043
			},
			"model": "watching:item/herobrine/webster/head"
		},
		{
			"predicate": {
				"custom_model_data": 1350044
			},
			"model": "watching:item/herobrine/webster/eyes"
		},
		{
			"predicate": {
				"custom_model_data": 1350045
			},
			"model": "watching:item/herobrine/webster/body"
		},
		{
			"predicate": {
				"custom_model_data": 1350046
			},
			"model": "watching:item/herobrine/webster/left_arm"
		},
		{
			"predicate": {
				"custom_model_data": 1350047
			},
			"model": "watching:item/herobrine/webster/right_arm"
		},
		{
			"predicate": {
				"custom_model_data": 1350048
			},
			"model": "watching:item/herobrine/webster/left_leg"
		},
		{
			"predicate": {
				"custom_model_data": 1350049
			},
			"model": "watching:item/herobrine/webster/right_leg"
		},

		{
			"predicate": {
				"custom_model_data": 1350050
			},
			"model": "watching:item/herobrine/apparition/head"
		},
		{
			"predicate": {
				"custom_model_data": 1350051
			},
			"model": "watching:item/herobrine/apparition/eyes"
		},
		{
			"predicate": {
				"custom_model_data": 1350052
			},
			"model": "watching:item/herobrine/apparition/body"
		},
		{
			"predicate": {
				"custom_model_data": 1350053
			},
			"model": "watching:item/herobrine/apparition/left_arm"
		},
		{
			"predicate": {
				"custom_model_data": 1350054
			},
			"model": "watching:item/herobrine/apparition/right_arm"
		},
		{
			"predicate": {
				"custom_model_data": 1350055
			},
			"model": "watching:item/herobrine/apparition/left_leg"
		},
		{
			"predicate": {
				"custom_model_data": 1350056
			},
			"model": "watching:item/herobrine/apparition/right_leg"
		},

		{
			"predicate": {
				"custom_model_data": 1350057
			},
			"model": "watching:item/herobrine/zombie/head"
		},
		{
			"predicate": {
				"custom_model_data": 1350058
			},
			"model": "watching:item/herobrine/zombie/eyes"
		},
		{
			"predicate": {
				"custom_model_data": 1350059
			},
			"model": "watching:item/herobrine/zombie/body"
		},
		{
			"predicate": {
				"custom_model_data": 1350060
			},
			"model": "watching:item/herobrine/zombie/left_arm"
		},
		{
			"predicate": {
				"custom_model_data": 1350061
			},
			"model": "watching:item/herobrine/zombie/right_arm"
		},
		{
			"predicate": {
				"custom_model_data": 1350062
			},
			"model": "watching:item/herobrine/zombie/left_leg"
		},
		{
			"predicate": {
				"custom_model_data": 1350063
			},
			"model": "watching:item/herobrine/zombie/right_leg"
		},
		
		{
			"predicate": {
				"custom_model_data": 1350064
			},
			"model": "watching:item/herobrine/nullified/head"
		},
		{
			"predicate": {
				"custom_model_data": 1350065
			},
			"model": "watching:item/herobrine/nullified/eyes"
		},
		{
			"predicate": {
				"custom_model_data": 1350066
			},
			"model": "watching:item/herobrine/nullified/body"
		},
		{
			"predicate": {
				"custom_model_data": 1350067
			},
			"model": "watching:item/herobrine/nullified/left_arm"
		},
		{
			"predicate": {
				"custom_model_data": 1350068
			},
			"model": "watching:item/herobrine/nullified/right_arm"
		},
		{
			"predicate": {
				"custom_model_data": 1350069
			},
			"model": "watching:item/herobrine/nullified/left_leg"
		},
		{
			"predicate": {
				"custom_model_data": 1350070
			},
			"model": "watching:item/herobrine/nullified/right_leg"
		},

		{
			"predicate": {
				"custom_model_data": 1350071
			},
			"model": "watching:item/herobrine/faceless/head"
		},
		{
			"predicate": {
				"custom_model_data": 1350072
			},
			"model": "watching:item/herobrine/faceless/eyes"
		},
		{
			"predicate": {
				"custom_model_data": 1350073
			},
			"model": "watching:item/herobrine/faceless/body"
		},
		{
			"predicate": {
				"custom_model_data": 1350074
			},
			"model": "watching:item/herobrine/faceless/left_arm"
		},
		{
			"predicate": {
				"custom_model_data": 1350075
			},
			"model": "watching:item/herobrine/faceless/right_arm"
		},
		{
			"predicate": {
				"custom_model_data": 1350076
			},
			"model": "watching:item/herobrine/faceless/left_leg"
		},
		{
			"predicate": {
				"custom_model_data": 1350077
			},
			"model": "watching:item/herobrine/faceless/right_leg"
		},

		{
			"predicate": {
				"custom_model_data": 1350078
			},
			"model": "watching:item/herobrine/distorted/head"
		},
		{
			"predicate": {
				"custom_model_data": 1350079
			},
			"model": "watching:item/herobrine/distorted/eyes"
		},
		{
			"predicate": {
				"custom_model_data": 1350080
			},
			"model": "watching:item/herobrine/distorted/body"
		},
		{
			"predicate": {
				"custom_model_data": 1350081
			},
			"model": "watching:item/herobrine/distorted/left_arm"
		},
		{
			"predicate": {
				"custom_model_data": 1350082
			},
			"model": "watching:item/herobrine/distorted/right_arm"
		},
		{
			"predicate": {
				"custom_model_data": 1350083
			},
			"model": "watching:item/herobrine/distorted/left_leg"
		},
		{
			"predicate": {
				"custom_model_data": 1350084
			},
			"model": "watching:item/herobrine/distorted/right_leg"
		},

		{
			"predicate": {
				"custom_model_data": 1350085
			},
			"model": "watching:item/herobrine/alex/head"
		},
		{
			"predicate": {
				"custom_model_data": 1350086
			},
			"model": "watching:item/herobrine/alex/eyes"
		},
		{
			"predicate": {
				"custom_model_data": 1350087
			},
			"model": "watching:item/herobrine/alex/body"
		},
		{
			"predicate": {
				"custom_model_data": 1350088
			},
			"model": "watching:item/herobrine/alex/left_arm"
		},
		{
			"predicate": {
				"custom_model_data": 1350089
			},
			"model": "watching:item/herobrine/alex/right_arm"
		},
		{
			"predicate": {
				"custom_model_data": 1350090
			},
			"model": "watching:item/herobrine/alex/left_leg"
		},
		{
			"predicate": {
				"custom_model_data": 1350091
			},
			"model": "watching:item/herobrine/alex/right_leg"
		},

		{
			"predicate": {
				"custom_model_data": 1350092
			},
			"model": "watching:item/herobrine/lick/head"
		},
		{
			"predicate": {
				"custom_model_data": 1350093
			},
			"model": "watching:item/herobrine/lick/eyes"
		},
		{
			"predicate": {
				"custom_model_data": 1350094
			},
			"model": "watching:item/herobrine/lick/body"
		},
		{
			"predicate": {
				"custom_model_data": 1350095
			},
			"model": "watching:item/herobrine/lick/left_arm"
		},
		{
			"predicate": {
				"custom_model_data": 1350096
			},
			"model": "watching:item/herobrine/lick/right_arm"
		},
		{
			"predicate": {
				"custom_model_data": 1350097
			},
			"model": "watching:item/herobrine/lick/left_leg"
		},
		{
			"predicate": {
				"custom_model_data": 1350098
			},
			"model": "watching:item/herobrine/lick/right_leg"
		},

		{
			"predicate": {
				"custom_model_data": 1350099
			},
			"model": "watching:item/herobrine/fallen_kingdom/head"
		},
		{
			"predicate": {
				"custom_model_data": 1350100
			},
			"model": "watching:item/herobrine/fallen_kingdom/eyes"
		},
		{
			"predicate": {
				"custom_model_data": 1350101
			},
			"model": "watching:item/herobrine/fallen_kingdom/body"
		},
		{
			"predicate": {
				"custom_model_data": 1350102
			},
			"model": "watching:item/herobrine/fallen_kingdom/left_arm"
		},
		{
			"predicate": {
				"custom_model_data": 1350103
			},
			"model": "watching:item/herobrine/fallen_kingdom/right_arm"
		},
		{
			"predicate": {
				"custom_model_data": 1350104
			},
			"model": "watching:item/herobrine/fallen_kingdom/left_leg"
		},
		{
			"predicate": {
				"custom_model_data": 1350105
			},
			"model": "watching:item/herobrine/fallen_kingdom/right_leg"
		},

		{
			"predicate": {
				"custom_model_data": 1350106
			},
			"model": "watching:item/herobrine/sculk_infested/head"
		},
		{
			"predicate": {
				"custom_model_data": 1350107
			},
			"model": "watching:item/herobrine/sculk_infested/emissive/head"
		},
		{
			"predicate": {
				"custom_model_data": 1350108
			},
			"model": "watching:item/herobrine/sculk_infested/body"
		},
		{
			"predicate": {
				"custom_model_data": 1350109
			},
			"model": "watching:item/herobrine/sculk_infested/left_arm"
		},
		{
			"predicate": {
				"custom_model_data": 1350110
			},
			"model": "watching:item/herobrine/sculk_infested/right_arm"
		},
		{
			"predicate": {
				"custom_model_data": 1350111
			},
			"model": "watching:item/herobrine/sculk_infested/emissive/body"
		},
		{
			"predicate": {
				"custom_model_data": 1350112
			},
			"model": "watching:item/herobrine/sculk_infested/emissive/left_arm"
		},
		{
			"predicate": {
				"custom_model_data": 1350113
			},
			"model": "watching:item/herobrine/sculk_infested/emissive/right_arm"
		},
		{
			"predicate": {
				"custom_model_data": 1350114
			},
			"model": "watching:item/herobrine/sculk_infested/left_leg"
		},
		{
			"predicate": {
				"custom_model_data": 1350115
			},
			"model": "watching:item/herobrine/sculk_infested/right_leg"
		},
		{
			"predicate": {
				"custom_model_data": 1350116
			},
			"model": "watching:item/herobrine/sculk_infested/emissive/left_leg"
		},
		{
			"predicate": {
				"custom_model_data": 1350117
			},
			"model": "watching:item/herobrine/sculk_infested/emissive/right_leg"
		},

		{
			"predicate": {
				"custom_model_data": 1350118
			},
			"model": "watching:item/herobrine/netherbrine/head"
		},
		{
			"predicate": {
				"custom_model_data": 1350119
			},
			"model": "watching:item/herobrine/netherbrine/eyes"
		},
		{
			"predicate": {
				"custom_model_data": 1350120
			},
			"model": "watching:item/herobrine/netherbrine/body"
		},
		{
			"predicate": {
				"custom_model_data": 1350121
			},
			"model": "watching:item/herobrine/netherbrine/left_arm"
		},
		{
			"predicate": {
				"custom_model_data": 1350122
			},
			"model": "watching:item/herobrine/netherbrine/right_arm"
		},
		{
			"predicate": {
				"custom_model_data": 1350123
			},
			"model": "watching:item/herobrine/netherbrine/left_leg"
		},
		{
			"predicate": {
				"custom_model_data": 1350124
			},
			"model": "watching:item/herobrine/netherbrine/right_leg"
		},

		{
			"predicate": {
				"custom_model_data": 1350125
			},
			"model": "watching:item/herobrine/farlander/head"
		},
		{
			"predicate": {
				"custom_model_data": 1350126
			},
			"model": "watching:item/herobrine/farlander/eyes"
		},
		{
			"predicate": {
				"custom_model_data": 1350127
			},
			"model": "watching:item/herobrine/farlander/body"
		},
		{
			"predicate": {
				"custom_model_data": 1350128
			},
			"model": "watching:item/herobrine/farlander/left_arm"
		},
		{
			"predicate": {
				"custom_model_data": 1350129
			},
			"model": "watching:item/herobrine/farlander/right_arm"
		},
		{
			"predicate": {
				"custom_model_data": 1350130
			},
			"model": "watching:item/herobrine/farlander/left_leg"
		},
		{
			"predicate": {
				"custom_model_data": 1350131
			},
			"model": "watching:item/herobrine/farlander/right_leg"
		},

		{
			"predicate": {
				"custom_model_data": 1350132
			},
			"model": "watching:item/herobrine/the_headless/head"
		},
		{
			"predicate": {
				"custom_model_data": 1350133
			},
			"model": "watching:item/herobrine/the_headless/eyes"
		},
		{
			"predicate": {
				"custom_model_data": 1350134
			},
			"model": "watching:item/herobrine/the_headless/body"
		},
		{
			"predicate": {
				"custom_model_data": 1350135
			},
			"model": "watching:item/herobrine/the_headless/left_arm"
		},
		{
			"predicate": {
				"custom_model_data": 1350136
			},
			"model": "watching:item/herobrine/the_headless/right_arm"
		},
		{
			"predicate": {
				"custom_model_data": 1350137
			},
			"model": "watching:item/herobrine/the_headless/left_leg"
		},
		{
			"predicate": {
				"custom_model_data": 1350138
			},
			"model": "watching:item/herobrine/the_headless/right_leg"
		},

		{
			"predicate": {
				"custom_model_data": 1350139
			},
			"model": "watching:item/herobrine/lumbering_jack/head"
		},
		{
			"predicate": {
				"custom_model_data": 1350140
			},
			"model": "watching:item/herobrine/lumbering_jack/eyes"
		},
		{
			"predicate": {
				"custom_model_data": 1350141
			},
			"model": "watching:item/herobrine/lumbering_jack/body"
		},
		{
			"predicate": {
				"custom_model_data": 1350142
			},
			"model": "watching:item/herobrine/lumbering_jack/left_arm"
		},
		{
			"predicate": {
				"custom_model_data": 1350143
			},
			"model": "watching:item/herobrine/lumbering_jack/right_arm"
		},
		{
			"predicate": {
				"custom_model_data": 1350144
			},
			"model": "watching:item/herobrine/lumbering_jack/left_leg"
		},
		{
			"predicate": {
				"custom_model_data": 1350145
			},
			"model": "watching:item/herobrine/lumbering_jack/right_leg"
		},

		{
			"predicate": {
				"custom_model_data": 1350146
			},
			"model": "watching:item/herobrine/smile/head"
		},
		{
			"predicate": {
				"custom_model_data": 1350147
			},
			"model": "watching:item/herobrine/smile/eyes"
		},
		{
			"predicate": {
				"custom_model_data": 1350148
			},
			"model": "watching:item/herobrine/smile/body"
		},
		{
			"predicate": {
				"custom_model_data": 1350149
			},
			"model": "watching:item/herobrine/smile/left_arm"
		},
		{
			"predicate": {
				"custom_model_data": 1350150
			},
			"model": "watching:item/herobrine/smile/right_arm"
		},
		{
			"predicate": {
				"custom_model_data": 1350151
			},
			"model": "watching:item/herobrine/smile/left_leg"
		},
		{
			"predicate": {
				"custom_model_data": 1350152
			},
			"model": "watching:item/herobrine/smile/right_leg"
		},

		{
			"predicate": {
				"custom_model_data": 1350153
			},
			"model": "watching:item/herobrine/grimreaper/head"
		},
		{
			"predicate": {
				"custom_model_data": 1350154
			},
			"model": "watching:item/herobrine/grimreaper/eyes"
		},
		{
			"predicate": {
				"custom_model_data": 1350155
			},
			"model": "watching:item/herobrine/grimreaper/body"
		},
		{
			"predicate": {
				"custom_model_data": 1350156
			},
			"model": "watching:item/herobrine/grimreaper/left_arm"
		},
		{
			"predicate": {
				"custom_model_data": 1350157
			},
			"model": "watching:item/herobrine/grimreaper/right_arm"
		},
		{
			"predicate": {
				"custom_model_data": 1350158
			},
			"model": "watching:item/herobrine/grimreaper/left_leg"
		},
		{
			"predicate": {
				"custom_model_data": 1350159
			},
			"model": "watching:item/herobrine/grimreaper/right_leg"
		},








		{
			"predicate": {
				"custom_model_data": 1350800
			},
			"model": "watching:item/herobrine/custom/1/head"
		},
		{
			"predicate": {
				"custom_model_data": 1350801
			},
			"model": "watching:item/herobrine/custom/1/emissive/head"
		},
		{
			"predicate": {
				"custom_model_data": 1350802
			},
			"model": "watching:item/herobrine/custom/1/body"
		},
		{
			"predicate": {
				"custom_model_data": 1350803
			},
			"model": "watching:item/herobrine/custom/1/left_arm"
		},
		{
			"predicate": {
				"custom_model_data": 1350804
			},
			"model": "watching:item/herobrine/custom/1/right_arm"
		},
		{
			"predicate": {
				"custom_model_data": 1350805
			},
			"model": "watching:item/herobrine/custom/1/emissive/body"
		},
		{
			"predicate": {
				"custom_model_data": 1350806
			},
			"model": "watching:item/herobrine/custom/1/emissive/left_arm"
		},
		{
			"predicate": {
				"custom_model_data": 1350807
			},
			"model": "watching:item/herobrine/custom/1/emissive/right_arm"
		},
		{
			"predicate": {
				"custom_model_data": 1350808
			},
			"model": "watching:item/herobrine/custom/1/left_leg"
		},
		{
			"predicate": {
				"custom_model_data": 1350809
			},
			"model": "watching:item/herobrine/custom/1/right_leg"
		},
		{
			"predicate": {
				"custom_model_data": 1350810
			},
			"model": "watching:item/herobrine/custom/1/emissive/left_leg"
		},
		{
			"predicate": {
				"custom_model_data": 1350811
			},
			"model": "watching:item/herobrine/custom/1/emissive/right_leg"
		},
		
		{
			"predicate": {
				"custom_model_data": 1350812
			},
			"model": "watching:item/herobrine/custom/2/head"
		},
		{
			"predicate": {
				"custom_model_data": 1350813
			},
			"model": "watching:item/herobrine/custom/2/emissive/head"
		},
		{
			"predicate": {
				"custom_model_data": 1350814
			},
			"model": "watching:item/herobrine/custom/2/body"
		},
		{
			"predicate": {
				"custom_model_data": 1350815
			},
			"model": "watching:item/herobrine/custom/2/left_arm"
		},
		{
			"predicate": {
				"custom_model_data": 1350816
			},
			"model": "watching:item/herobrine/custom/2/right_arm"
		},
		{
			"predicate": {
				"custom_model_data": 1350817
			},
			"model": "watching:item/herobrine/custom/2/emissive/body"
		},
		{
			"predicate": {
				"custom_model_data": 1350818
			},
			"model": "watching:item/herobrine/custom/2/emissive/left_arm"
		},
		{
			"predicate": {
				"custom_model_data": 1350819
			},
			"model": "watching:item/herobrine/custom/2/emissive/right_arm"
		},
		{
			"predicate": {
				"custom_model_data": 1350820
			},
			"model": "watching:item/herobrine/custom/2/left_leg"
		},
		{
			"predicate": {
				"custom_model_data": 1350821
			},
			"model": "watching:item/herobrine/custom/2/right_leg"
		},
		{
			"predicate": {
				"custom_model_data": 1350822
			},
			"model": "watching:item/herobrine/custom/2/emissive/left_leg"
		},
		{
			"predicate": {
				"custom_model_data": 1350823
			},
			"model": "watching:item/herobrine/custom/2/emissive/right_leg"
		},

		{
			"predicate": {
				"custom_model_data": 1350824
			},
			"model": "watching:item/herobrine/custom/3/head"
		},
		{
			"predicate": {
				"custom_model_data": 1350825
			},
			"model": "watching:item/herobrine/custom/3/emissive/head"
		},
		{
			"predicate": {
				"custom_model_data": 1350826
			},
			"model": "watching:item/herobrine/custom/3/body"
		},
		{
			"predicate": {
				"custom_model_data": 1350827
			},
			"model": "watching:item/herobrine/custom/3/left_arm"
		},
		{
			"predicate": {
				"custom_model_data": 1350828
			},
			"model": "watching:item/herobrine/custom/3/right_arm"
		},
		{
			"predicate": {
				"custom_model_data": 1350829
			},
			"model": "watching:item/herobrine/custom/3/emissive/body"
		},
		{
			"predicate": {
				"custom_model_data": 1350830
			},
			"model": "watching:item/herobrine/custom/3/emissive/left_arm"
		},
		{
			"predicate": {
				"custom_model_data": 1350831
			},
			"model": "watching:item/herobrine/custom/3/emissive/right_arm"
		},
		{
			"predicate": {
				"custom_model_data": 1350832
			},
			"model": "watching:item/herobrine/custom/3/left_leg"
		},
		{
			"predicate": {
				"custom_model_data": 1350833
			},
			"model": "watching:item/herobrine/custom/3/right_leg"
		},
		{
			"predicate": {
				"custom_model_data": 1350834
			},
			"model": "watching:item/herobrine/custom/3/emissive/left_leg"
		},
		{
			"predicate": {
				"custom_model_data": 1350835
			},
			"model": "watching:item/herobrine/custom/3/emissive/right_leg"
		},

		{
			"predicate": {
				"custom_model_data": 1350836
			},
			"model": "watching:item/herobrine/custom/4/head"
		},
		{
			"predicate": {
				"custom_model_data": 1350837
			},
			"model": "watching:item/herobrine/custom/4/emissive/head"
		},
		{
			"predicate": {
				"custom_model_data": 1350838
			},
			"model": "watching:item/herobrine/custom/4/body"
		},
		{
			"predicate": {
				"custom_model_data": 1350839
			},
			"model": "watching:item/herobrine/custom/4/left_arm"
		},
		{
			"predicate": {
				"custom_model_data": 1350840
			},
			"model": "watching:item/herobrine/custom/4/right_arm"
		},
		{
			"predicate": {
				"custom_model_data": 1350841
			},
			"model": "watching:item/herobrine/custom/4/emissive/body"
		},
		{
			"predicate": {
				"custom_model_data": 1350842
			},
			"model": "watching:item/herobrine/custom/4/emissive/left_arm"
		},
		{
			"predicate": {
				"custom_model_data": 1350843
			},
			"model": "watching:item/herobrine/custom/4/emissive/right_arm"
		},
		{
			"predicate": {
				"custom_model_data": 1350844
			},
			"model": "watching:item/herobrine/custom/4/left_leg"
		},
		{
			"predicate": {
				"custom_model_data": 1350845
			},
			"model": "watching:item/herobrine/custom/4/right_leg"
		},
		{
			"predicate": {
				"custom_model_data": 1350846
			},
			"model": "watching:item/herobrine/custom/4/emissive/left_leg"
		},
		{
			"predicate": {
				"custom_model_data": 1350847
			},
			"model": "watching:item/herobrine/custom/4/emissive/right_leg"
		},

		{
			"predicate": {
				"custom_model_data": 1350848
			},
			"model": "watching:item/herobrine/custom/5/head"
		},
		{
			"predicate": {
				"custom_model_data": 1350849
			},
			"model": "watching:item/herobrine/custom/5/emissive/head"
		},
		{
			"predicate": {
				"custom_model_data": 1350850
			},
			"model": "watching:item/herobrine/custom/5/body"
		},
		{
			"predicate": {
				"custom_model_data": 1350851
			},
			"model": "watching:item/herobrine/custom/5/left_arm"
		},
		{
			"predicate": {
				"custom_model_data": 1350852
			},
			"model": "watching:item/herobrine/custom/5/right_arm"
		},
		{
			"predicate": {
				"custom_model_data": 1350853
			},
			"model": "watching:item/herobrine/custom/5/emissive/body"
		},
		{
			"predicate": {
				"custom_model_data": 1350854
			},
			"model": "watching:item/herobrine/custom/5/emissive/left_arm"
		},
		{
			"predicate": {
				"custom_model_data": 1350855
			},
			"model": "watching:item/herobrine/custom/5/emissive/right_arm"
		},
		{
			"predicate": {
				"custom_model_data": 1350856
			},
			"model": "watching:item/herobrine/custom/5/left_leg"
		},
		{
			"predicate": {
				"custom_model_data": 1350857
			},
			"model": "watching:item/herobrine/custom/5/right_leg"
		},
		{
			"predicate": {
				"custom_model_data": 1350858
			},
			"model": "watching:item/herobrine/custom/5/emissive/left_leg"
		},
		{
			"predicate": {
				"custom_model_data": 1350859
			},
			"model": "watching:item/herobrine/custom/5/emissive/right_leg"
		},


		
		{
			"predicate": {
				"custom_model_data": 1359001
			},
			"model": "watching:item/renders/shrine"
		},
		{
			"predicate": {
				"custom_model_data": 1359002
			},
			"model": "watching:item/renders/watching"
		},
		{
			"predicate": {
				"custom_model_data": 1359003
			},
			"model": "watching:item/renders/stalking"
		},
		{
			"predicate": {
				"custom_model_data": 1359004
			},
			"model": "watching:item/renders/leafless_grove"
		},
		{
			"predicate": {
				"custom_model_data": 1359005
			},
			"model": "watching:item/renders/logless_tree"
		},
		{
			"predicate": {
				"custom_model_data": 1359006
			},
			"model": "watching:item/renders/mossy_pyramid"
		},
		{
			"predicate": {
				"custom_model_data": 1359007
			},
			"model": "watching:item/renders/nightmare"
		},
		{
			"predicate": {
				"custom_model_data": 1359008
			},
			"model": "watching:item/renders/griddy"
		},
		{
			"predicate": {
				"custom_model_data": 1359009
			},
			"model": "watching:item/renders/liberty"
		},
		{
			"predicate": {
				"custom_model_data": 1359010
			},
			"model": "watching:item/renders/librarian"
		},
		{
			"predicate": {
				"custom_model_data": 1359011
			},
			"model": "watching:item/renders/angry_wolf"
		},
		{
			"predicate": {
				"custom_model_data": 1359012
			},
			"model": "watching:item/renders/rotten_flesh"
		},
		{
			"predicate": {
				"custom_model_data": 1359013
			},
			"model": "watching:item/renders/redstone_torch"
		},
		{
			"predicate": {
				"custom_model_data": 1359014
			},
			"model": "watching:item/renders/name_tag"
		},
		{
			"predicate": {
				"custom_model_data": 1359015
			},
			"model": "watching:item/renders/tardis"
		},
		{
			"predicate": {
				"custom_model_data": 1359016
			},
			"model": "watching:item/renders/mining_block"
		},
		{
			"predicate": {
				"custom_model_data": 1359017
			},
			"model": "watching:item/renders/bonzo_holding_rt"
		},
		{
			"predicate": {
				"custom_model_data": 1359018
			},
			"model": "watching:item/renders/torch_tunnel"
		}
	]
}